condition,pub_year,paper_count
A-CPD,1990,10
Achalasia,1990,106
R-CPD,1990,0
Spasm,1990,9
Zenker's,1990,17
A-CPD,1991,4
Achalasia,1991,111
R-CPD,1991,0
Spasm,1991,14
Zenker's,1991,11
A-CPD,1992,9
Achalasia,1992,90
R-CPD,1992,1
Spasm,1992,18
Zenker's,1992,29
A-CPD,1993,4
Achalasia,1993,98
R-CPD,1993,0
Spasm,1993,20
Zenker's,1993,15
A-CPD,1994,4
Achalasia,1994,103
R-CPD,1994,0
Spasm,1994,9
Zenker's,1994,32
A-CPD,1995,5
Achalasia,1995,114
R-CPD,1995,0
Spasm,1995,9
Zenker's,1995,21
A-CPD,1996,6
Achalasia,1996,109
R-CPD,1996,0
Spasm,1996,11
Zenker's,1996,27
A-CPD,1997,5
Achalasia,1997,120
R-CPD,1997,0
Spasm,1997,12
Zenker's,1997,21
A-CPD,1998,7
Achalasia,1998,101
R-CPD,1998,0
Spasm,1998,10
Zenker's,1998,29
A-CPD,1999,5
Achalasia,1999,123
R-CPD,1999,0
Spasm,1999,11
Zenker's,1999,31
A-CPD,2000,8
Achalasia,2000,112
R-CPD,2000,0
Spasm,2000,9
Zenker's,2000,28
A-CPD,2001,9
Achalasia,2001,131
R-CPD,2001,0
Spasm,2001,10
Zenker's,2001,27
A-CPD,2002,4
Achalasia,2002,122
R-CPD,2002,0
Spasm,2002,6
Zenker's,2002,32
A-CPD,2003,6
Achalasia,2003,102
R-CPD,2003,0
Spasm,2003,10
Zenker's,2003,35
A-CPD,2004,6
Achalasia,2004,105
R-CPD,2004,0
Spasm,2004,11
Zenker's,2004,25
A-CPD,2005,10
Achalasia,2005,124
R-CPD,2005,1
Spasm,2005,14
Zenker's,2005,28
A-CPD,2006,3
Achalasia,2006,133
R-CPD,2006,0
Spasm,2006,9
Zenker's,2006,31
A-CPD,2007,7
Achalasia,2007,117
R-CPD,2007,0
Spasm,2007,17
Zenker's,2007,38
A-CPD,2008,10
Achalasia,2008,131
R-CPD,2008,0
Spasm,2008,22
Zenker's,2008,28
A-CPD,2009,10
Achalasia,2009,139
R-CPD,2009,0
Spasm,2009,17
Zenker's,2009,40
A-CPD,2010,8
Achalasia,2010,147
R-CPD,2010,1
Spasm,2010,16
Zenker's,2010,40
A-CPD,2011,11
Achalasia,2011,144
R-CPD,2011,0
Spasm,2011,20
Zenker's,2011,37
A-CPD,2012,8
Achalasia,2012,173
R-CPD,2012,0
Spasm,2012,31
Zenker's,2012,36
A-CPD,2013,16
Achalasia,2013,221
R-CPD,2013,1
Spasm,2013,37
Zenker's,2013,59
A-CPD,2014,13
Achalasia,2014,173
R-CPD,2014,2
Spasm,2014,38
Zenker's,2014,61
A-CPD,2015,14
Achalasia,2015,256
R-CPD,2015,2
Spasm,2015,62
Zenker's,2015,54
A-CPD,2016,16
Achalasia,2016,261
R-CPD,2016,2
Spasm,2016,46
Zenker's,2016,70
A-CPD,2017,26
Achalasia,2017,238
R-CPD,2017,4
Spasm,2017,64
Zenker's,2017,62
A-CPD,2018,15
Achalasia,2018,242
R-CPD,2018,3
Spasm,2018,66
Zenker's,2018,53
A-CPD,2019,24
Achalasia,2019,227
R-CPD,2019,4
Spasm,2019,47
Zenker's,2019,67
A-CPD,2020,28
Achalasia,2020,302
R-CPD,2020,4
Spasm,2020,74
Zenker's,2020,75
A-CPD,2021,14
Achalasia,2021,345
R-CPD,2021,9
Spasm,2021,81
Zenker's,2021,84
A-CPD,2022,29
Achalasia,2022,323
R-CPD,2022,8
Spasm,2022,68
Zenker's,2022,78
A-CPD,2023,31
Achalasia,2023,355
R-CPD,2023,8
Spasm,2023,62
Zenker's,2023,96
A-CPD,2024,44
Achalasia,2024,310
R-CPD,2024,28
Spasm,2024,44
Zenker's,2024,67
A-CPD,2025,50
Achalasia,2025,277
R-CPD,2025,34
Spasm,2025,67
Zenker's,2025,88
A-CPD,2026,51
Achalasia,2026,205
R-CPD,2026,32
Spasm,2026,32
Zenker's,2026,67
