Name,Role,Organisation,Email,Category,Date Contacted,Reply
Sanne Franzen,Researcher,The Netherlands Organisation for Health Research and Development,s.franzen@erasmusmc.nl,Researchers,Aug 12,Yes
Rema Raman,PhD Researcher,Alzeihmer's Therapeutic Research Institute University of Southern California,remar@usc.edu,Researcher,Aug 13,Waiting
Jonathon Jackson,PhD Researcher,CARE Research Center Massachusetts General Hospital,jjackson31@partners.org,Research,Aug 13,Waiting
Yi Guo,Researcher,Institute of Neurological and Psychiatric Disorders Shenzhen Bay Laboratory,xuanyi_guo@163.com,Research,Aug 13,Waiting
Eric Vidoni,Researcher,Department of Neurology University of Kansas Medical center,evidoni@kumc.edu,Research,Aug 17,Yes
Julie Zissimopoulos,Researcher,Leonard D. Schaeffer Center for Health Policy and Economics,julie.zissimopoulos@usc.edu,Research,Aug 17,Waiting
Roger Wong,Researcher,Brown School Washington University in St. Louis,RogerWon@wustl.edu,Research,Aug 17,Waiting
Andrea L. Gilmore-Bykovskyi,Researcher,Division of Geriatrics University of Wisconsin-Madison School of Medicine and Public Health,algilmore@wisc.edu,Research,Aug 17,Waiting
Jeffrey Cummings,Researcher,Cleveland Clinic Lou Ruvo Center for Brain Health,cumminj@ccf.org,Research,Aug 17,Waiting
Donis Patricia Molina-Henry,Researcher,Alzeihmer's Therapeutic Research Institute,molinahe@usc.edu,Research,Aug 17,Waiting
Mary Elizabeth Sigmon,Researcher,Asheville VA-Charles George VA Medical Center,MaryElizabeth.Sigmon@va.gov,Medical Provider/Researcher,Aug 22,Waiting
Alexandra Seemungal,Study Coordinator,University of NC at Chapel Hill,Alexandra_Seemungal@med.unc.edu,Research,Aug 22,Waiting
Brianne R Tomaszewski PhD MPH,Researcher,University of North Carolina,Brianne_Tomaszewski@med.unc.edu,Research,Aug 22,Waiting
Johanna Hickey,Assoiate Director of Program on Aging,University of North Carolina at Chapel Hill,jvtsilbersack@unc.edu,Study coordinator,Aug 22,Waiting
Kara Hume,Associate Professor,University of North Carolina,kara.hume@unc.edu,Clinical trials,Aug 22,Waiting
Kathryn Wessell,Palliative Care Research Specialist,University of North Carolina,kwessell@email.unc.edu,Clinical trials,Aug 22,Waiting
Laura C. Hanson,Professor of geriatric medicine,University of North Carolina,laura_hanson@med.unc.edu,Clinical Trials,Aug 22,Waiting
Mark Toles,Associate Professor,University of North Carolina at Chapel Hill,mtoles@email.unc.edu,Research,Aug 22,Waiting
Molly Lynch,Research Associate,University of North Carolina,molly_lynch@unc.edu,Research,Aug 22,Waiting
Kelsey Strout,Advocate,Atrium Health,Kelsey.Strout@advocatehealth.org,Advocacy,Aug 21,Waiting
Bradley J Goldstein,Professor of Head and Neck Surgery & Communication Sciences,Duke University Health Center,bradley.goldstein@duke.edu,Research,Aug 21,Waiting
Darina Petrovsky,Associate Professor & Nurse Scientist,Duke University School of Nursing,PetrovskyResearch@duke.edu,Research,Aug 21,Waiting
Emily Finch,Clinical Research Coordinator,Duke University Hospital,emily.finch@duke.edu,Research,Aug 22,Waiting
Hailey Zampa,Clinical Research Coordinator,Duke University,hailey.zampa@duke.edu,Research,Aug 22,Waiting
Julienne Reynolds,Clinical Research Manager,Durham VA Medical Center,Julienne.Reynolds@va.gov,Research,Aug 22,Waiting
Laura Porter,Professor in Pyschiatry and Behavioral Sciences,Duke University Medical Center,porte008@mc.duke.edu,Research,Aug 22,Waiting
Lisa Gauger,Research Practice Manager,Duke University Health System,lisa.gauger@duke.edu,Research,Aug 22,Waiting
Maria J Manson,Research Practice Manager,Duke University Health Center,maria.manson@duke.edu,Research,Aug 22,Waiting
Michelle Moshkowitz,Clinical Research Coordinator,Duke University,michelle.moshkowitz@duke.edu,Research,Aug 22,Waiting
Rachel Dewees,Operations Coordinator,Duke University,adrc@duke.edu,Research,Aug 22,Waiting
Sharon Fekrat,Opthalmologist & Retinol Surgeon,Duke University Medical Center,imind@duke.edu,Healthcare Provider,Aug 28,Waiting
Simon Davis,Adjunct Associate Professor,Duke Universit Hospital,simon.davis@duke.edu,Research,Aug 28,Waiting
Amy Hughes,Project Specialist,Wake Forest Baptist Health,aehughes@wakehealth.edu,Research,Aug 28,Waiting
Jesus Betancourt,Researcher,Wake Forest Hospital - Geriatrics,jbetanco@wakehealth.edu,Research,Aug 29,Waiting
Kenzie Brown,Researcher,Wake Forest University Health Sciences,BBRP@wakehealth.edu,Research,Aug 29,Waiting
Lauren Richmond,Associate Professor Cognitive Science,Wake Forest University,lauren.richmond@advocatehealth.org,Research,Aug 30,Waiting
Sophia Dawson,Project Manager,Wake Forest Baptist Hopsital-Cardiology,sadawson@wakehealth.edu,Research,Aug 30,Waiting
Summer Harris,Lab Research Analyst,Wake Forest School of Medicine,sdharris@wakehealth.edu,Research,Aug 30,Waiting
Andrea Varrone,Medical Doctor,Karolinska Institutet,andrea.varrone@ki.se,Research,Aug 31,Waiting
Anne Hege Aamodt,Researcher,Oslo University Hospital,a.h.aamodt@medisin.uio.no,Research,Aug 31,Waiting
Jackie Rivers,Charlotte Regional Contact,Alzheimer's Association Western Carolina,Jackie.Rivers@alz.org, Clinical Trials, Sept 7, Waiting
Janet Leclair,Clinic Coordinator,Memory & Movement Charlotte,email@mmclt.org, Clinical Trials, Sept 7th, Sent
Kristen Phillips,Clinical Nurse Coordinator,Memory & Movement Charlotte,email@mmclt.org, Clinical Trials, Sept 7th, Sent
GUIDE Team,Memory Health Coordinators,Atrium Health,GUIDE@AdvocateHealth.org,Clinical Trials, Sept 7th, Sent
Dr. Jennifer Ramsey,Project Coordinator,Caregiver TLC Program (UNCC),info@caregivertlc.org, Clinical Trials, Sept 7th, Sent
Dr. Julian Montoro-Rodriguez,Principal Investigator,Caregiver TLC Program (UNCC),info@caregivertlc.org, Clinical Trials, Sept 7th, Sent
Dee Dee Harris,Support Group Coordinator,Dementia Alliance of North Carolina,dharris@dementianc.org, Clinical Trials, Sept 7th, Sent
Chapter Support Team,Regional Inquiries,Alzheimer's Association Western Carolina,encinfo@alz.org,Clinical Trials, Sept 7th, Sent