nct_id,char_count,study_partner,study_partner_phrase,cognitive_scale,cutoff,excluded_conditions,excluded_medications,imaging_required,lumbar_puncture_required,care_setting,anything_else
NCT05919485, 865, cannot tell, not mentioned, CDR, >0.5, neurological/psychiatric disease; head trauma; irreversible hearing/sight problems; other medical illness; dementia in PD group, none, required, not required, cannot tell, fMRI and tDCS eligibility restrictions; stable pharmacological treatment ≥1 month; no washout
NCT07031687, 1498, cannot tell, not mentioned, not mentioned, not mentioned, neurological/psychiatric/systemic diseases; other causes of cognitive decline; MRI contraindications, anticholinergics; benzodiazepines; antipsychotics if unable to discontinue/adjust, required, cannot tell, neurology memory clinics or communities, preclinical AD requires positive plasma p-tau217 or Aβ PET; 2024 revised AD criteria;
NCT03621839, 140, cannot tell, not mentioned, not mentioned, not mentioned, not mentiond, not mentioned, cannot tell, required, dementia diagnosis usual practice, lumbar puncture collected as part of usual practice
NCT07763392, 1785, cannot tell, not mentioned, not mentioned, not mentioned, cognitive impairment; neurological disease; brain injury; psychiatric illness; sensory limitations; medical conditions affecting cognition, cognition impacting medications, not mentioned, not required, not required, digital assessment or supervised study site; requires indpendent computerized cognitive testing
NCT05977088, 1055, cannot tell, cannot tell, CDR, 1-2, other cognitive affecting diseases; head trauma; severe stroke; neurological metal implant pacemaker, investigational AD drugs tDCS TMS, cannot tell, cannot tell, cannot tell, relative mentioned only for consent not clearly ongoing study participation
NCT07356817, 101, cannot tell, not mentioned, not specified, not specified, not specified, not specified, cannot tell, cannot tell, cohort study, participants from past cohort studies
NCT06945614, 
NCT07130565, 
NCT07364019, 
NCT07265323,
NCT06619613,
NCT04150198,
NCT04690660,
NCT07083089,
NCT07361887,
NCT04099823,
NCT06922071,
NCT06752616,
NCT05534607,
NCT02945774,