name,type,address,phone,phone_type,website,source,service_area,serves_dementia,verified_date,verified_by,verification_method,reverify_due,notes
Mecklenburg County Department of Social Services,County Human Services Agency,"Wallace H. Kuralt Centre, 301 South Billingsley Road, Charlotte NC 28211",704-336-3000,direct,https://dss.mecknc.gov/,https://eldercare.acl.gov/resources?state=NC&city=Charlotte&county=Mecklenburg&zipcode=28277,Charlotte NC area,true,2026-09-07,Riteesha,phone call,2027-03-07,
Centralina Area Agency on Aging,Regional Agency Office,"10735 David Taylor Drive, Suite 250, Charlotte NC 28262",704-372-2416,direct,http://centralina.org/centralinaaging/,https://eldercare.acl.gov/home,Charlotte NC area,true,2026-09-07,Riteesha,phone call,2027-03-07,
Mecklenburg County Adult Protective Services,County Protective Services Agency,"Wallace H. Kuralt Centre, 301 Billingsley Road, Charlotte NC 28211",704-336-2273,direct,https://cfas.mecknc.gov/services/adult-protective-services,https://eldercare.acl.gov/home,Charlotte NC area,true,,,,,Mecklenburg County publishes 704-336-2273 (704-336-CARE) as the 24-hour Adult Protective Services line. Number below updated to match. Previously listed: 704-432-1111. Re-confirm before this goes on the site.
Legal Aid of North Carolina Senior Law Project,Legal Aid Organization,North Carolina,877-579-7562,direct,https://legalaidnc.org/project/senior-law-project/,https://eldercare.acl.gov/home,Charlotte NC area,true,2026-09-11,published source,checked against the organisation's own website,2027-03-11,Phone number matches https://legalaidnc.org/cta/senior-legal-helpline/
Atrium Health Steele Creek Emergency Department,Medical Care Facility,"13640 Steelecroft Parkway, Charlotte NC 28278",704-512-5500,direct,https://atriumhealth.org/locations/detail/atrium-health-steele-creek-emergency-department,https://nc211.org,Charlotte NC area,true,2026-09-07,Riteesha,phone call,2027-03-07,
Atrium Health Pineville,Medical Care Facility,"10628 Park Road, Charlotte NC 28210",704-667-1000,direct,http://atriumhealth.org/locations/detail/atrium-health-pineville,https://nc211.org,Charlotte NC area,true,2026-09-11,published source,checked against the organisation's own website,2027-03-11,Phone number matches https://atriumhealth.org/locations/detail/atrium-health-pineville
Ballantyne Medical Center,Medical Care Facility,"10905 Providence Road West, Charlotte NC 28277",980-488-4000,direct,http://www.novanthealth.org/locations/medical-centers/Ballantyne-medical-center/,https://nc211.org,Charlotte NC area,true,2026-09-07,Riteesha,phone call,2027-03-07,
Gracious Living Adult Day and Health Center,Adult Day Care Facility,"7950 Nations Ford Road, Charlotte NC 28217",704-997-5032,direct,http://www.graciouslivingadhcc.com,https://nc211.org,Charlotte NC area,true,2026-09-11,published source,checked against the organisation's own website,2027-03-11,"Phone number matches https://www.graciouslivingadhcc.com Street address not published on the site, which lists Huntersville, South Charlotte and Pineville as service areas. Address unconfirmed."
Gracious Living Adult Day and Health Center,Adult Day Care Facility,"10635 Park Road, Charlotte NC 28217",704-997-5032,direct,http://www.graciouslivingadhcc.com,https://nc211.org,Charlotte NC area,true,2026-09-11,published source,checked against the organisation's own website,2027-03-11,"Phone number matches https://www.graciouslivingadhcc.com Street address not published on the site, which lists Huntersville, South Charlotte and Pineville as service areas. Address unconfirmed."
The Clare-Partners & Spouses Caregiver Support Group,Support Group,"55 E Pearson St, Chicago IL 60611",800-272-3900,national helpline,https://communityresourcefinder.org,https://communityresourcefinder.org,Chicago IL 60611,true,,,,,"Listed number is the Alzheimer's Association 24/7 national helpline, not this group's own line. Group not independently confirmed."
Caregiver Support Group,Support Group,"1291 Cornet St, Henderson NV 89052",800-272-3900,national helpline,https://communityresourcefinder.org,https://communityresourcefinder.org,Henderson NV 89052,true,,,,,"Listed number is the Alzheimer's Association 24/7 national helpline, not this group's own line. Group not independently confirmed."
Gables of Ojai-Caregiver Support Group,Support Group,"701 N Montgomery St, Ojai CA 93023",800-272-3900,national helpline,https://communityresourcefinder.org,https://communityresourcefinder.org,Ojai CA 93023,true,,,,,"Listed number is the Alzheimer's Association 24/7 national helpline, not this group's own line. Group not independently confirmed."
We're in This Together,Support Group,"4000 Mills Civic Pkwy, West Des Moines IA 50265",800-272-3900,national helpline,https://communityresourcefinder.org,https://communityresourcefinder.org,West Des Moines IA 50265,true,,,,,"Listed number is the Alzheimer's Association 24/7 national helpline, not this group's own line. Group not independently confirmed."
White Plains Virtual Caregiver Support Group,Support Group,"White Plains Westchester County, NY",800-272-3900,national helpline,https://communityresourcefinder.org,https://communityresourcefinder.org,NY,true,,,,,"Listed number is the Alzheimer's Association 24/7 national helpline, not this group's own line. Group not independently confirmed."
Church of The Palms Caregiver Support Group,Support Group,"3224 Bee Ridge Rd, Sarasota FL 34239",800-272-3900,national helpline,https://communityresourcefinder.org,https://communityresourcefinder.org,Sarasota FL 34239,true,,,,,"Listed number is the Alzheimer's Association 24/7 national helpline, not this group's own line. Group not independently confirmed."
Greeley Caregiver Support Group,Support Group,"4151 W 20th St, Greeley CO 80634",800-272-3900,national helpline,https://communityresourcefinder.org,https://communityresourcefinder.org,Greeley CO 80634,true,,,,,"Listed number is the Alzheimer's Association 24/7 national helpline, not this group's own line. Group not independently confirmed."
Lancaster First UMC Caregiver Support Group,Support Group,"200 W Gay St, Lancaster SC 29720",800-272-3900,national helpline,https://communityresourcefinder.org,https://communityresourcefinder.org,Lancaster SC 29720,true,,,,,"Listed number is the Alzheimer's Association 24/7 national helpline, not this group's own line. Group not independently confirmed."
Unity of Palm Harbor Caregiver Support Group,Support Group,"1960 Tampa Rd, Palm Harbor FL 34683",800-272-3900,national helpline,https://communityresourcefinder.org,https://communityresourcefinder.org,Palm Harbor FL 34683,true,,,,,"Listed number is the Alzheimer's Association 24/7 national helpline, not this group's own line. Group not independently confirmed."
Trinity Presbyterian Church Spouse Virtual Caregiver Support Group,Support Group,Virtual/Online,800-272-3900,national helpline,https://communityresourcefinder.org,https://communityresourcefinder.org,virtual,true,,,,,"Listed number is the Alzheimer's Association 24/7 national helpline, not this group's own line. Group not independently confirmed."
Columbus Area Caregiver Support Group,Support Group,"3111 19th St, Columbus NE 68601",800-272-3900,national helpline,https://communityresourcefinder.org,https://communityresourcefinder.org,Columbus NE 68601,true,,,,,"Listed number is the Alzheimer's Association 24/7 national helpline, not this group's own line. Group not independently confirmed."
West Seattle Caregiver Support Group,Support Group,Virtual/Online,800-272-3900,national helpline,https://communityresourcefinder.org,https://communityresourcefinder.org,virtual,true,,,,,"Listed number is the Alzheimer's Association 24/7 national helpline, not this group's own line. Group not independently confirmed."
MetroWest MA Caregiver Support Group,Support Group,Virtual/Online,800-272-3900,national helpline,https://communityresourcefinder.org,https://communityresourcefinder.org,virtual,true,,,,,"Listed number is the Alzheimer's Association 24/7 national helpline, not this group's own line. Group not independently confirmed."
Bloomington - Sherwood Oaks Caregiver Support Group,Support Group,"2700 E Rogers Rd, Bloomington IN 47401",800-272-3900,national helpline,https://communityresourcefinder.org,https://communityresourcefinder.org,Bloomington IN 47401,true,,,,,"Listed number is the Alzheimer's Association 24/7 national helpline, not this group's own line. Group not independently confirmed."
SCA Caregiver Support Group,Support Group,Virtual/Online,800-272-3900,national helpline,https://communityresourcefinder.org,https://communityresourcefinder.org,virtual,true,,,,,"Listed number is the Alzheimer's Association 24/7 national helpline, not this group's own line. Group not independently confirmed."
Pickens County Caregiver Support Group,Support Group,"389 Bent Tree Dr, Jasper GA 30143",800-272-3900,national helpline,https://communityresourcefinder.org,https://communityresourcefinder.org,Jasper GA 30143,true,,,,,"Listed number is the Alzheimer's Association 24/7 national helpline, not this group's own line. Group not independently confirmed."
North Platte Support Group,Support Group,"1600 W E St, North Platte NE 69101",800-272-3900,national helpline,https://communityresourcefinder.org,https://communityresourcefinder.org,North Platte NE 69101,true,,,,,"Listed number is the Alzheimer's Association 24/7 national helpline, not this group's own line. Group not independently confirmed."
